{
    "name": "root",
    "gauges": {
        "FetchPet.Policy.Entropy.mean": {
            "value": 0.5137262940406799,
            "min": 0.5029284358024597,
            "max": 1.6091041564941406,
            "count": 100
        },
        "FetchPet.Policy.Entropy.sum": {
            "value": 5104.38427734375,
            "min": 4964.30322265625,
            "max": 17183.84375,
            "count": 100
        },
        "FetchPet.Step.mean": {
            "value": 999970.0,
            "min": 9888.0,
            "max": 999970.0,
            "count": 100
        },
        "FetchPet.Step.sum": {
            "value": 999970.0,
            "min": 9888.0,
            "max": 999970.0,
            "count": 100
        },
        "FetchPet.Policy.ExtrinsicValueEstimate.mean": {
            "value": 1.3598088026046753,
            "min": -0.09057914465665817,
            "max": 1.4246913194656372,
            "count": 100
        },
        "FetchPet.Policy.ExtrinsicValueEstimate.sum": {
            "value": 142.77992248535156,
            "min": -9.148493766784668,
            "max": 159.5654296875,
            "count": 100
        },
        "FetchPet.Environment.EpisodeLength.mean": {
            "value": 178.4561403508772,
            "min": 145.7462686567164,
            "max": 399.0,
            "count": 100
        },
        "FetchPet.Environment.EpisodeLength.sum": {
            "value": 10172.0,
            "min": 7182.0,
            "max": 11010.0,
            "count": 100
        },
        "FetchPet.Environment.CumulativeReward.mean": {
            "value": 3.630620936530509,
            "min": -1.0203761825751927,
            "max": 3.803030113744385,
            "count": 100
        },
        "FetchPet.Environment.CumulativeReward.sum": {
            "value": 203.3147724457085,
            "min": -27.550156929530203,
            "max": 258.6060477346182,
            "count": 100
        },
        "FetchPet.Policy.ExtrinsicReward.mean": {
            "value": 3.630620936530509,
            "min": -1.0203761825751927,
            "max": 3.803030113744385,
            "count": 100
        },
        "FetchPet.Policy.ExtrinsicReward.sum": {
            "value": 203.3147724457085,
            "min": -27.550156929530203,
            "max": 258.6060477346182,
            "count": 100
        },
        "FetchPet.IsTraining.mean": {
            "value": 1.0,
            "min": 1.0,
            "max": 1.0,
            "count": 100
        },
        "FetchPet.IsTraining.sum": {
            "value": 1.0,
            "min": 1.0,
            "max": 1.0,
            "count": 100
        },
        "FetchPet.Losses.PolicyLoss.mean": {
            "value": 0.022438332485035063,
            "min": 0.01701071805631121,
            "max": 0.030936783521125714,
            "count": 96
        },
        "FetchPet.Losses.PolicyLoss.sum": {
            "value": 0.022438332485035063,
            "min": 0.01701071805631121,
            "max": 0.030936783521125714,
            "count": 96
        },
        "FetchPet.Losses.ValueLoss.mean": {
            "value": 0.051810057709614436,
            "min": 0.006146791158244014,
            "max": 0.07969949419299761,
            "count": 96
        },
        "FetchPet.Losses.ValueLoss.sum": {
            "value": 0.051810057709614436,
            "min": 0.006146791158244014,
            "max": 0.07969949419299761,
            "count": 96
        },
        "FetchPet.Policy.LearningRate.mean": {
            "value": 1.611399462900004e-06,
            "min": 1.611399462900004e-06,
            "max": 0.0002968032010656,
            "count": 96
        },
        "FetchPet.Policy.LearningRate.sum": {
            "value": 1.611399462900004e-06,
            "min": 1.611399462900004e-06,
            "max": 0.0002968032010656,
            "count": 96
        },
        "FetchPet.Policy.Epsilon.mean": {
            "value": 0.10053709999999999,
            "min": 0.10053709999999999,
            "max": 0.19893439999999998,
            "count": 96
        },
        "FetchPet.Policy.Epsilon.sum": {
            "value": 0.10053709999999999,
            "min": 0.10053709999999999,
            "max": 0.19893439999999998,
            "count": 96
        },
        "FetchPet.Policy.Beta.mean": {
            "value": 3.680129000000008e-05,
            "min": 3.680129000000008e-05,
            "max": 0.004946826560000002,
            "count": 96
        },
        "FetchPet.Policy.Beta.sum": {
            "value": 3.680129000000008e-05,
            "min": 3.680129000000008e-05,
            "max": 0.004946826560000002,
            "count": 96
        }
    },
    "metadata": {
        "timer_format_version": "0.1.0",
        "start_time_seconds": "1775842636",
        "python_version": "3.10.19 (main, Dec 17 2025, 21:07:16) [MSC v.1944 64 bit (AMD64)]",
        "command_line_arguments": "\\\\?\\D:\\CC_6th_semester\\COMP256 Special Topics\\FetchVR\\FetchVR\\venv\\Scripts\\mlagents-learn config/fetch_v1.yaml --run-id=fetch_v1 --num-areas=9",
        "mlagents_version": "1.2.0.dev0",
        "mlagents_envs_version": "1.2.0.dev0",
        "communication_protocol_version": "1.5.0",
        "pytorch_version": "2.8.0+cpu",
        "numpy_version": "1.23.5",
        "end_time_seconds": "1775844048"
    },
    "total": 1412.9219052000008,
    "count": 1,
    "self": 0.0056537999989814125,
    "children": {
        "run_training.setup": {
            "total": 0.19002940000063973,
            "count": 1,
            "self": 0.19002940000063973
        },
        "TrainerController.start_learning": {
            "total": 1412.7262220000011,
            "count": 1,
            "self": 2.0962182998246135,
            "children": {
                "TrainerController._reset_env": {
                    "total": 10.77834299999995,
                    "count": 1,
                    "self": 10.77834299999995
                },
                "TrainerController.advance": {
                    "total": 1399.8120658001753,
                    "count": 114417,
                    "self": 1.9993839001890592,
                    "children": {
                        "env_step": {
                            "total": 1151.052973699796,
                            "count": 114417,
                            "self": 956.1467776000773,
                            "children": {
                                "SubprocessEnvManager._take_step": {
                                    "total": 193.55639849987892,
                                    "count": 114417,
                                    "self": 5.954907800138244,
                                    "children": {
                                        "TorchPolicy.evaluate": {
                                            "total": 187.60149069974068,
                                            "count": 111162,
                                            "self": 187.60149069974068
                                        }
                                    }
                                },
                                "workers": {
                                    "total": 1.3497975998398033,
                                    "count": 114417,
                                    "self": 0.0,
                                    "children": {
                                        "worker_root": {
                                            "total": 1399.648132800261,
                                            "count": 114417,
                                            "is_parallel": true,
                                            "self": 571.9653899008299,
                                            "children": {
                                                "steps_from_proto": {
                                                    "total": 0.0010695000000850996,
                                                    "count": 1,