{"count":1,"self":78.409196799999989,"total":79.679302499999991,"children":{"InitializeActuators":{"count":1,"self":0.00099819999999999987,"total":0.00099819999999999987,"children":null},"InitializeSensors":{"count":1,"self":0.0031067,"total":0.0031067,"children":null},"AgentSendState":{"count":3601,"self":0.23199599999999998,"total":0.2768249,"children":{"CollectObservations":{"count":1201,"self":0.0193892,"total":0.0193892,"children":null},"WriteActionMask":{"count":1201,"self":0.0061233999999999993,"total":0.0061233999999999993,"children":null},"RequestDecision":{"count":1201,"self":0.019316299999999998,"total":0.019316299999999998,"children":null}}},"DecideAction":{"count":3601,"self":0.88160679999999991,"total":0.9382569,"children":{"RayPerceptionSensor.Perceive":{"count":3603,"self":0.056650099999999995,"total":0.056650099999999995,"children":null}}},"AgentAct":{"count":3601,"self":0.0499075,"total":0.0499075,"children":null}},"gauges":{"FetchPet.CumulativeReward":{"count":2,"max":0,"min":0,"runningAverage":0,"value":0,"weightedAverage":0}},"metadata":{"timer_format_version":"0.1.0","start_time_seconds":"1776226173","unity_version":"6000.3.4f1","command_line_arguments":"D:\\6000.3.4f1\\Editor\\Unity.exe -projectpath D:\\FetchVR\\FetchVR -acceptSoftwareTermsForThisRunOnly -useHub -hubIPC -cloudEnvironment production","communication_protocol_version":"1.5.0","com.unity.ml-agents_version":"4.0.2","scene_name":"BasicScene","end_time_seconds":"1776226253"}}