{"count":1,"self":326.2718208,"total":1075.1847995,"children":{"InitializeActuators":{"count":9,"self":0.0010226999999999999,"total":0.0010226999999999999,"children":null},"InitializeSensors":{"count":9,"self":0.0020176,"total":0.0020176,"children":null},"AgentSendState":{"count":431567,"self":44.0616416,"total":82.8172178,"children":{"CollectObservations":{"count":776826,"self":4.3901984,"total":4.3901983,"children":null},"WriteActionMask":{"count":776826,"self":1.3255917,"total":1.3255917,"children":null},"RequestDecision":{"count":776826,"self":5.8238904,"total":33.039785699999996,"children":{"AgentInfo.ToProto":{"count":776826,"self":3.5996368,"total":27.2158952,"children":{"GenerateSensorData":{"count":776826,"self":16.3975664,"total":23.6162583,"children":{"RayPerceptionSensor.Perceive":{"count":2330478,"self":7.218692,"total":7.2186917999999993,"children":null}}}}}}}}},"DecideAction":{"count":431567,"self":649.8534912,"total":649.8534796,"children":null},"AgentAct":{"count":431567,"self":16.0725536,"total":16.133332199999998,"children":{"AgentInfo.ToProto":{"count":1154,"self":0.0110733,"total":0.060778,"children":{"GenerateSensorData":{"count":1154,"self":0.0400034,"total":0.0497047,"children":{"RayPerceptionSensor.Perceive":{"count":3462,"self":0.0097013,"total":0.0097013,"children":null}}}}}}},"AgentInfo.ToProto":{"count":1754,"self":0.0343865,"total":0.10488199999999999,"children":{"GenerateSensorData":{"count":1754,"self":0.0591916,"total":0.0704955,"children":{"RayPerceptionSensor.Perceive":{"count":5262,"self":0.011303899999999999,"total":0.011303899999999999,"children":null}}}}}},"gauges":{"FetchPet.CumulativeReward":{"count":2908,"max":4.649131,"min":-3.361888,"runningAverage":2.56518984,"value":1.39158475,"weightedAverage":2.99566031}},"metadata":{"timer_format_version":"0.1.0","start_time_seconds":"1775844348","unity_version":"6000.3.6f1","command_line_arguments":"C:\\Program Files\\Unity\\Hub\\Editor\\6000.3.6f1\\Editor\\Unity.exe -projectPath D:\\CC_6th_semester\\COMP256 Special Topics\\FetchVR\\FetchVR","communication_protocol_version":"1.5.0","com.unity.ml-agents_version":"4.0.2","scene_name":"Level1","end_time_seconds":"1775845423"}}