{"count":1,"self":177.01852159999999,"total":926.4988058,"children":{"InitializeActuators":{"count":9,"self":0.0015302999999999998,"total":0.0015302999999999998,"children":null},"InitializeSensors":{"count":9,"self":0.0015042,"total":0.0015042,"children":null},"AgentSendState":{"count":409834,"self":35.239999999999995,"total":49.7525973,"children":{"CollectObservations":{"count":1229508,"self":1.7191295999999998,"total":1.7191295999999998,"children":null},"WriteActionMask":{"count":1229508,"self":0.2917864,"total":0.2917864,"children":null},"RequestDecision":{"count":1229508,"self":1.364488,"total":12.501681999999999,"children":{"AgentInfo.ToProto":{"count":1229508,"self":1.1785733,"total":11.137194,"children":{"GenerateSensorData":{"count":1229508,"self":7.297204,"total":9.9586206999999991,"children":{"RayPerceptionSensor.Perceive":{"count":3688524,"self":2.6614168,"total":2.6614168,"children":null}}}}}}}}},"DecideAction":{"count":409834,"self":686.9761536,"total":686.9761436,"children":null},"AgentAct":{"count":409834,"self":12.6718888,"total":12.747505799999999,"children":{"AgentInfo.ToProto":{"count":4971,"self":0.0138138,"total":0.0756168,"children":{"GenerateSensorData":{"count":4971,"self":0.048768099999999995,"total":0.061803,"children":{"RayPerceptionSensor.Perceive":{"count":14913,"self":0.013034899999999999,"total":0.013034899999999999,"children":null}}}}}}}},"gauges":{"FetchPet.CumulativeReward":{"count":4971,"max":4.4319787,"min":-2.03167963,"runningAverage":3.98891473,"value":3.87543178,"weightedAverage":3.464448}},"metadata":{"timer_format_version":"0.1.0","start_time_seconds":"1776036331","unity_version":"6000.3.4f1","command_line_arguments":"E:\\Unity\\Editors\\6000.3.4f1\\Editor\\Unity.exe -projectpath E:\\Dev\\UnityProjects\\FetchVR\\FetchVR -acceptSoftwareTermsForThisRunOnly -useHub -hubIPC -cloudEnvironment production","communication_protocol_version":"1.5.0","com.unity.ml-agents_version":"4.0.2","scene_name":"Level1","end_time_seconds":"1776037258"}}