{"count":1,"self":99.6756992,"total":315.7578938,"children":{"InitializeActuators":{"count":9,"self":0.00099549999999999986,"total":0.00099549999999999986,"children":null},"InitializeSensors":{"count":9,"self":0.0010209,"total":0.0010209,"children":null},"AgentSendState":{"count":124534,"self":11.805743999999999,"total":22.4015524,"children":{"CollectObservations":{"count":224163,"self":1.2149550999999998,"total":1.2149550999999998,"children":null},"WriteActionMask":{"count":224163,"self":0.3373767,"total":0.3373767,"children":null},"RequestDecision":{"count":224163,"self":1.6063428,"total":9.0434767999999988,"children":{"AgentInfo.ToProto":{"count":224163,"self":0.9116285,"total":7.4371339999999995,"children":{"GenerateSensorData":{"count":224163,"self":4.6333671999999995,"total":6.5255054999999995,"children":{"RayPerceptionSensor.Perceive":{"count":672489,"self":1.8921382,"total":1.8921382,"children":null}}}}}}}}},"DecideAction":{"count":124534,"self":189.13767679999998,"total":189.1376818,"children":null},"AgentAct":{"count":124534,"self":4.4846936,"total":4.4973347,"children":{"AgentInfo.ToProto":{"count":171,"self":0.0020099,"total":0.0126413,"children":{"GenerateSensorData":{"count":171,"self":0.009588,"total":0.0106314,"children":{"RayPerceptionSensor.Perceive":{"count":513,"self":0.0010433999999999999,"total":0.0010433999999999999,"children":null}}}}}}},"AgentInfo.ToProto":{"count":1045,"self":0.0121367,"total":0.0436092,"children":{"GenerateSensorData":{"count":1045,"self":0.0220425,"total":0.0314725,"children":{"RayPerceptionSensor.Perceive":{"count":3135,"self":0.00943,"total":0.00943,"children":null}}}}}},"gauges":{"FetchPet.CumulativeReward":{"count":1216,"max":4.67661428,"min":-3.369049,"runningAverage":3.51466417,"value":3.83930826,"weightedAverage":2.81690359}},"metadata":{"timer_format_version":"0.1.0","start_time_seconds":"1775852968","unity_version":"6000.3.6f1","command_line_arguments":"C:\\Program Files\\Unity\\Hub\\Editor\\6000.3.6f1\\Editor\\Unity.exe -projectPath D:\\CC_6th_semester\\COMP256 Special Topics\\FetchVR\\FetchVR","communication_protocol_version":"1.5.0","com.unity.ml-agents_version":"4.0.2","scene_name":"Level1","end_time_seconds":"1775853284"}}
