{"count":1,"self":71.0170112,"total":71.5550423,"children":{"InitializeActuators":{"count":1,"self":0.0037418,"total":0.0037418,"children":null},"InitializeSensors":{"count":1,"self":0.0025431,"total":0.0025431,"children":null},"AgentSendState":{"count":2300,"self":0.0917283,"total":0.12246019999999999,"children":{"CollectObservations":{"count":460,"self":0.008846999999999999,"total":0.008846999999999999,"children":null},"WriteActionMask":{"count":460,"self":0.0029844999999999997,"total":0.0029844999999999997,"children":null},"RequestDecision":{"count":460,"self":0.018900399999999998,"total":0.018900399999999998,"children":null}}},"DecideAction":{"count":2300,"self":0.3256184,"total":0.3646005,"children":{"RayPerceptionSensor.Perceive":{"count":1380,"self":0.0389821,"total":0.0389821,"children":null}}},"AgentAct":{"count":2300,"self":0.044683799999999996,"total":0.044683799999999996,"children":null}},"gauges":{"Pyramids.CumulativeReward":{"count":2,"max":1.84119844,"min":1.74199677,"runningAverage":1.7915976,"value":1.84119844,"weightedAverage":1.76679718}},"metadata":{"timer_format_version":"0.1.0","start_time_seconds":"1775665892","unity_version":"6000.3.4f1","command_line_arguments":"D:\\6000.3.4f1\\Editor\\Unity.exe -projectpath D:\\FetchVR\\FetchVR -acceptSoftwareTermsForThisRunOnly -useHub -hubIPC -cloudEnvironment production","communication_protocol_version":"1.5.0","com.unity.ml-agents_version":"4.0.2","scene_name":"Level1","end_time_seconds":"1775665964"}}