{
    "name": "root",
    "gauges": {
        "FetchPet.Policy.Entropy.mean": {
            "value": 0.4667694568634033,
            "min": 0.4667694568634033,
            "max": 1.6091513633728027,
            "count": 155
        },
        "FetchPet.Policy.Entropy.sum": {
            "value": 2310.5087890625,
            "min": 2310.5087890625,
            "max": 9617.7470703125,
            "count": 155
        },
        "FetchPet.Step.mean": {
            "value": 774931.0,
            "min": 4880.0,
            "max": 774931.0,
            "count": 155
        },
        "FetchPet.Step.sum": {
            "value": 774931.0,
            "min": 4880.0,
            "max": 774931.0,
            "count": 155
        },
        "FetchPet.Policy.ExtrinsicValueEstimate.mean": {
            "value": 1.2531570196151733,
            "min": -0.14576321840286255,
            "max": 1.3132857084274292,
            "count": 155
        },
        "FetchPet.Policy.ExtrinsicValueEstimate.sum": {
            "value": 67.67047882080078,
            "min": -8.016977310180664,
            "max": 74.3140640258789,
            "count": 155
        },
        "FetchPet.Environment.EpisodeLength.mean": {
            "value": 170.76666666666668,
            "min": 163.93548387096774,
            "max": 399.0,
            "count": 155
        },
        "FetchPet.Environment.EpisodeLength.sum": {
            "value": 5123.0,
            "min": 3591.0,
            "max": 7182.0,
            "count": 155
        },
        "FetchPet.Environment.CumulativeReward.mean": {
            "value": 3.6078957808514436,
            "min": -1.1025153506133292,
            "max": 3.7462357372905197,
            "count": 155
        },
        "FetchPet.Environment.CumulativeReward.sum": {
            "value": 108.23687342554331,
            "min": -19.845276311039925,
            "max": 111.00553389079869,
            "count": 155
        },
        "FetchPet.Policy.ExtrinsicReward.mean": {
            "value": 3.6078957808514436,
            "min": -1.1025153506133292,
            "max": 3.7462357372905197,
            "count": 155
        },
        "FetchPet.Policy.ExtrinsicReward.sum": {
            "value": 108.23687342554331,
            "min": -19.845276311039925,
            "max": 111.00553389079869,
            "count": 155
        },
        "FetchPet.IsTraining.mean": {
            "value": 1.0,
            "min": 1.0,
            "max": 1.0,
            "count": 155
        },
        "FetchPet.IsTraining.sum": {
            "value": 1.0,
            "min": 1.0,
            "max": 1.0,
            "count": 155
        },
        "FetchPet.Losses.PolicyLoss.mean": {
            "value": 0.015000546832258503,
            "min": 0.015000546832258503,
            "max": 0.03315470227971673,
            "count": 74
        },
        "FetchPet.Losses.PolicyLoss.sum": {
            "value": 0.015000546832258503,
            "min": 0.015000546832258503,
            "max": 0.03315470227971673,
            "count": 74
        },
        "FetchPet.Losses.ValueLoss.mean": {
            "value": 0.06249284446239471,
            "min": 0.0054655458312481645,
            "max": 0.06354573518037795,
            "count": 74
        },
        "FetchPet.Losses.ValueLoss.sum": {
            "value": 0.06249284446239471,
            "min": 0.0054655458312481645,
            "max": 0.06354573518037795,
            "count": 74
        },
        "FetchPet.Policy.LearningRate.mean": {
            "value": 6.93351768883e-05,
            "min": 6.93351768883e-05,
            "max": 0.0002968032010656,
            "count": 74
        },
        "FetchPet.Policy.LearningRate.sum": {
            "value": 6.93351768883e-05,
            "min": 6.93351768883e-05,
            "max": 0.0002968032010656,
            "count": 74
        },
        "FetchPet.Policy.Epsilon.mean": {
            "value": 0.12311169999999999,
            "min": 0.12311169999999999,
            "max": 0.19893439999999998,
            "count": 74
        },
        "FetchPet.Policy.Epsilon.sum": {
            "value": 0.12311169999999999,
            "min": 0.12311169999999999,
            "max": 0.19893439999999998,
            "count": 74
        },
        "FetchPet.Policy.Beta.mean": {
            "value": 0.0011632738299999998,
            "min": 0.0011632738299999998,
            "max": 0.004946826560000002,
            "count": 74
        },
        "FetchPet.Policy.Beta.sum": {
            "value": 0.0011632738299999998,
            "min": 0.0011632738299999998,
            "max": 0.004946826560000002,
            "count": 74
        }
    },
    "metadata": {
        "timer_format_version": "0.1.0",
        "start_time_seconds": "1775844339",
        "python_version": "3.10.19 (main, Dec 17 2025, 21:07:16) [MSC v.1944 64 bit (AMD64)]",
        "command_line_arguments": "\\\\?\\D:\\CC_6th_semester\\COMP256 Special Topics\\FetchVR\\FetchVR\\venv\\Scripts\\mlagents-learn config/fetch_full.yaml --run-id=fetch_full --num-areas=9 --force",
        "mlagents_version": "1.2.0.dev0",
        "mlagents_envs_version": "1.2.0.dev0",
        "communication_protocol_version": "1.5.0",
        "pytorch_version": "2.8.0+cpu",
        "numpy_version": "1.23.5",
        "end_time_seconds": "1775845423"
    },
    "total": 1084.6078807999984,
    "count": 1,
    "self": 0.004050499999721069,
    "children": {
        "run_training.setup": {
            "total": 0.07747919999928854,
            "count": 1,
            "self": 0.07747919999928854
        },
        "TrainerController.start_learning": {
            "total": 1084.5263510999994,
            "count": 1,
            "self": 1.6319674998558185,
            "children": {
                "TrainerController._reset_env": {
                    "total": 11.659300299999813,
                    "count": 1,
                    "self": 11.659300299999813
                },
                "TrainerController.advance": {
                    "total": 1071.1825788001424,
                    "count": 88289,
                    "self": 1.5551913006856921,
                    "children": {
                        "env_step": {
                            "total": 881.1499080997746,
                            "count": 88289,
                            "self": 738.0908155001835,
                            "children": {
                                "SubprocessEnvManager._take_step": {
                                    "total": 142.07198699997753,
                                    "count": 88289,
                                    "self": 4.463950099514477,
                                    "children": {
                                        "TorchPolicy.evaluate": {
                                            "total": 137.60803690046305,
                                            "count": 86312,
                                            "self": 137.60803690046305
                                        }
                                    }
                                },
                                "workers": {
                                    "total": 0.987105599613642,
                                    "count": 88288,
                                    "self": 0.0,
                                    "children": {
                                        "worker_root": {
                                            "total": 1071.35530010002,
                                            "count": 88288,
                                            "is_parallel": true,
                                            "self": 428.37315570013016,
                                            "children": {
                                                "steps_from_proto": {
                                                    "total": 0.001055400000041118,
                                                    "count": 1,