{
    "name": "root",
    "gauges": {
        "FetchPet.Policy.Entropy.mean": {
            "value": 0.48783883452415466,
            "min": 0.40650123357772827,
            "max": 0.5844429731369019,
            "count": 45
        },
        "FetchPet.Policy.Entropy.sum": {
            "value": 2384.068359375,
            "min": 2045.107666015625,
            "max": 2958.799560546875,
            "count": 45
        },
        "FetchPet.Environment.EpisodeLength.mean": {
            "value": 208.15384615384616,
            "min": 132.8148148148148,
            "max": 236.66666666666666,
            "count": 45
        },
        "FetchPet.Environment.EpisodeLength.sum": {
            "value": 5412.0,
            "min": 2783.0,
            "max": 5785.0,
            "count": 45
        },
        "FetchPet.Step.mean": {
            "value": 999888.0,
            "min": 779920.0,
            "max": 999888.0,
            "count": 45
        },
        "FetchPet.Step.sum": {
            "value": 999888.0,
            "min": 779920.0,
            "max": 999888.0,
            "count": 45
        },
        "FetchPet.Policy.ExtrinsicValueEstimate.mean": {
            "value": 1.1029436588287354,
            "min": 1.1029436588287354,
            "max": 1.3267878293991089,
            "count": 45
        },
        "FetchPet.Policy.ExtrinsicValueEstimate.sum": {
            "value": 57.35306930541992,
            "min": 46.50777816772461,
            "max": 72.24193572998047,
            "count": 45
        },
        "FetchPet.Environment.CumulativeReward.mean": {
            "value": 3.2262091829131045,
            "min": 2.9769413849711417,
            "max": 3.909150317671799,
            "count": 45
        },
        "FetchPet.Environment.CumulativeReward.sum": {
            "value": 87.10764793865383,
            "min": 69.35556698217988,
            "max": 136.06850557029247,
            "count": 45
        },
        "FetchPet.Policy.ExtrinsicReward.mean": {
            "value": 3.2262091829131045,
            "min": 2.9769413849711417,
            "max": 3.909150317671799,
            "count": 45
        },
        "FetchPet.Policy.ExtrinsicReward.sum": {
            "value": 87.10764793865383,
            "min": 69.35556698217988,
            "max": 136.06850557029247,
            "count": 45
        },
        "FetchPet.IsTraining.mean": {
            "value": 1.0,
            "min": 1.0,
            "max": 1.0,
            "count": 45
        },
        "FetchPet.IsTraining.sum": {
            "value": 1.0,
            "min": 1.0,
            "max": 1.0,
            "count": 45
        },
        "FetchPet.Losses.PolicyLoss.mean": {
            "value": 0.020469255978241563,
            "min": 0.016244699278225503,
            "max": 0.03121954359424611,
            "count": 21
        },
        "FetchPet.Losses.PolicyLoss.sum": {
            "value": 0.020469255978241563,
            "min": 0.016244699278225503,
            "max": 0.03121954359424611,
            "count": 21
        },
        "FetchPet.Losses.ValueLoss.mean": {
            "value": 0.060336921364068985,
            "min": 0.052707119410236675,
            "max": 0.06896348098913828,
            "count": 21
        },
        "FetchPet.Losses.ValueLoss.sum": {
            "value": 0.060336921364068985,
            "min": 0.052707119410236675,
            "max": 0.06896348098913828,
            "count": 21
        },
        "FetchPet.Policy.LearningRate.mean": {
            "value": 2.2167992610999934e-06,
            "min": 2.2167992610999934e-06,
            "max": 6.401737866089998e-05,
            "count": 21
        },
        "FetchPet.Policy.LearningRate.sum": {
            "value": 2.2167992610999934e-06,
            "min": 2.2167992610999934e-06,
            "max": 6.401737866089998e-05,
            "count": 21
        },
        "FetchPet.Policy.Epsilon.mean": {
            "value": 0.10073890000000002,
            "min": 0.10073890000000002,
            "max": 0.12133910000000002,
            "count": 21
        },
        "FetchPet.Policy.Epsilon.sum": {
            "value": 0.10073890000000002,
            "min": 0.10073890000000002,
            "max": 0.12133910000000002,
            "count": 21
        },
        "FetchPet.Policy.Beta.mean": {
            "value": 4.687110999999991e-05,
            "min": 4.687110999999991e-05,
            "max": 0.0010748210900000002,
            "count": 21
        },
        "FetchPet.Policy.Beta.sum": {
            "value": 4.687110999999991e-05,
            "min": 4.687110999999991e-05,
            "max": 0.0010748210900000002,
            "count": 21
        }
    },
    "metadata": {
        "timer_format_version": "0.1.0",
        "start_time_seconds": "1775852958",
        "python_version": "3.10.19 (main, Dec 17 2025, 21:07:16) [MSC v.1944 64 bit (AMD64)]",
        "command_line_arguments": "\\\\?\\D:\\CC_6th_semester\\COMP256 Special Topics\\FetchVR\\FetchVR\\venv\\Scripts\\mlagents-learn config/fetch_full.yaml --run-id=fetch_full --num-areas=9 --resume",
        "mlagents_version": "1.2.0.dev0",
        "mlagents_envs_version": "1.2.0.dev0",
        "communication_protocol_version": "1.5.0",
        "pytorch_version": "2.8.0+cpu",
        "numpy_version": "1.23.5",
        "end_time_seconds": "1775853284"
    },
    "total": 325.33261459999994,
    "count": 1,
    "self": 0.016653899998345878,
    "children": {
        "run_training.setup": {
            "total": 0.08739430000059656,
            "count": 1,
            "self": 0.08739430000059656
        },
        "TrainerController.start_learning": {
            "total": 325.228566400001,
            "count": 1,
            "self": 0.40741330037417356,
            "children": {
                "TrainerController._reset_env": {
                    "total": 12.362863999998808,
                    "count": 1,
                    "self": 12.362863999998808
                },
                "TrainerController.advance": {
                    "total": 312.415670599632,
                    "count": 25873,
                    "self": 0.3883075995108811,
                    "children": {
                        "env_step": {
                            "total": 255.90873930001908,
                            "count": 25873,
                            "self": 214.88580020039444,
                            "children": {
                                "SubprocessEnvManager._take_step": {
                                    "total": 40.75027139970916,
                                    "count": 25873,
                                    "self": 1.1371587999528856,
                                    "children": {
                                        "TorchPolicy.evaluate": {
                                            "total": 39.61311259975628,
                                            "count": 24906,
                                            "self": 39.61311259975628
                                        }
                                    }
                                },
                                "workers": {
                                    "total": 0.27266769991547335,
                                    "count": 25873,
                                    "self": 0.0,
                                    "children": {
                                        "worker_root": {
                                            "total": 313.3460748999387,
                                            "count": 25873,
                                            "is_parallel": true,
                                            "self": 124.36013959980119,
                                            "children": {
                                                "steps_from_proto": {
                                                    "total": 0.0017283999986830167,
                                                    "count": 1,